year,season,price_rs_per_quintal,acreage_hectares,production_tonnes,rainfall_deviation_pct,arrivals_tonnes,data_source
2015,Kharif,1133.6,828252.0,15246927.0,1.8,13488762.0,demo
2015,Rabi,1213.5,776775.0,13340201.0,-2.3,12993304.0,demo
2016,Kharif,1441.6,747368.0,13081133.0,-16.1,12670930.0,demo
2016,Rabi,1708.6,723266.0,13159650.0,5.4,11447173.0,demo
2017,Kharif,1932.9,727823.0,13750865.0,1.5,11689258.0,demo
2017,Rabi,1762.9,671866.0,13199133.0,18.9,12646307.0,demo
2018,Kharif,1593.3,624343.0,12106047.0,22.3,10424940.0,demo
2018,Rabi,1582.1,581310.0,10930375.0,13.3,9473256.0,demo
2019,Kharif,1562.6,585942.0,9565670.0,18.6,8657007.0,demo
2019,Rabi,1337.4,589626.0,10996323.0,-14.9,9792480.0,demo
2020,Kharif,1668.5,603766.0,10379033.0,0.9,8985446.0,demo
2020,Rabi,1438.8,588124.0,10551857.0,-13.5,9271160.0,demo
2021,Kharif,1130.2,600461.0,9694268.0,20.3,9323488.0,demo
2021,Rabi,887.7,575290.0,10553634.0,-14.3,9152117.0,demo
2022,Kharif,1081.0,581829.0,10102511.0,14.2,9647641.0,demo
2022,Rabi,913.7,544307.0,9337719.0,-3.8,8503984.0,demo
2023,Kharif,1018.3,559405.0,11143805.0,-20.1,10055510.0,demo
2023,Rabi,936.5,591776.0,9612387.0,-15.5,8731121.0,demo
2024,Kharif,899.9,570808.0,9275076.0,21.2,8418124.0,demo
2024,Rabi,1062.5,575404.0,8776605.0,25.0,8413987.0,demo
